,DATE,VOLUME,SOCIAL_VOLUME,SOCIAL_DOMINANCE,TWITTER_VOLUME,BEARISH_SENTIMENT,BULLISH_SENTIMENT,MARKET_DOMINANCE,MARKET_CAP
0,2021-02-07,27730581.0,57766.77253218884,4.287349669096983,54318.26666666667,8246.352688172043,34367.43655913979,0.14818847957339348,3095457153.059957
1,2021-02-08,33211346.0,57766.77253218884,4.287349669096983,54318.26666666667,8246.352688172043,34367.43655913979,0.14818847957339348,3095457153.059957
2,2021-02-09,96646648.0,57766.77253218884,4.287349669096983,54318.26666666667,8246.352688172043,34367.43655913979,0.14818847957339348,3095457153.059957
3,2021-02-10,196345255.0,57766.77253218884,4.287349669096983,54318.26666666667,8246.352688172043,34367.43655913979,0.14818847957339348,3095457153.059957
4,2021-02-11,75318354.0,57766.77253218884,4.287349669096983,54318.26666666667,8246.352688172043,34367.43655913979,0.14818847957339348,3095457153.059957
5,2021-02-12,88040451.0,57766.77253218884,4.287349669096983,54318.26666666667,8246.352688172043,34367.43655913979,0.14818847957339348,3095457153.059957
6,2021-02-13,44486439.0,57766.77253218884,4.287349669096983,54318.26666666667,8246.352688172043,34367.43655913979,0.14818847957339348,3095457153.059957
7,2021-02-14,38632447.0,57766.77253218884,4.287349669096983,54318.26666666667,8246.352688172043,34367.43655913979,0.14818847957339348,3095457153.059957
8,2021-02-15,45205696.0,57766.77253218884,4.287349669096983,54318.26666666667,8246.352688172043,34367.43655913979,0.0522110079731686,787527473.0
9,2021-02-16,51036672.0,90.0,0.0105388267943816,54318.26666666667,8246.352688172043,34367.43655913979,0.0478255485942234,734061070.0
10,2021-02-17,212050888.0,12456.0,1.3564490133728275,12073.0,1406.0,6645.0,0.0504096089222663,817278745.0
11,2021-02-18,226919930.0,34762.0,3.956791950281148,33826.0,1747.0,21898.0,0.0719501101086069,1174578868.0
12,2021-02-19,267514041.19689873,23814.0,2.6075959069482235,22731.0,2334.0,12646.0,0.0889588913597043,1561403799.0
13,2021-02-20,445624580.0,16552.0,1.0343189941760191,15561.0,1461.0,11407.0,0.1099534620657142,1924444913.0
14,2021-02-21,352864762.0,9740.0,1.1615537630048705,8881.0,1240.0,5821.0,0.1003909901040724,1810028390.0
15,2021-02-22,265680911.0,9256.0,1.1525353661254714,8348.0,1434.0,4635.0,0.1063681371894105,1811572964.0
16,2021-02-23,392711357.0,10747.0,1.3479918721621555,10031.0,1202.0,4670.0,0.1074922825422308,1644615946.0
17,2021-02-24,348371224.0,10123.0,1.2996216551400082,9221.0,1038.0,4101.0,0.0925667413419332,1451482152.0
18,2021-02-25,178520261.0,17419.0,2.375374327029548,16457.0,5527.0,6251.0,0.1190587781914924,1768259919.0
19,2021-02-26,244268808.0,13936.0,2.105155031616601,12985.0,2278.0,6834.0,0.0940891859979482,1376652283.0
20,2021-02-27,171258540.0,13615.0,2.2893780593001885,12912.0,1712.0,6691.0,0.0999780387556429,1472308619.0
21,2021-02-28,254815249.0,9736.0,1.7446465370486517,9095.0,1747.0,5479.0,0.0938881421905704,1346705031.0
22,2021-03-01,806834428.0,23015.0,3.151194345786587,22262.0,3137.0,6704.0,0.0836528649809215,1312008340.0
23,2021-03-02,375736839.0,11403.0,1.5831101596438106,10468.0,2038.0,5009.0,0.1062097494125519,1631671840.0
24,2021-03-03,310878718.0,8950.0,1.3183459251326817,8018.0,1150.0,4095.0,0.094228847087917,1503903804.0
25,2021-03-04,381549222.0,15623.0,2.3814387103068144,14523.0,1763.0,9650.0,0.1037077421385975,1606605008.0
26,2021-03-05,209959449.0,15455.0,2.324098594112083,14596.0,1707.0,9464.0,0.0891627976933432,1390858983.0
27,2021-03-06,167097593.0,33931.0,5.072793108500453,32973.0,5818.0,22642.0,0.0922701211291442,1453918348.0
28,2021-03-07,208168948.0,20703.0,3.5931167940852333,19677.0,2438.0,13863.0,0.0888307413271849,1454848480.0
29,2021-03-08,187750628.0,19805.0,2.7914928884234445,18715.0,2353.0,12764.0,0.0904851858499943,1530388673.0
30,2021-03-09,439310464.0,21189.0,2.664394887238845,20168.0,1979.0,13592.0,0.0854134269379087,1506052187.0
31,2021-03-10,469259686.0,39149.0,5.351499278246796,37929.0,3798.0,19461.0,0.1029083130430031,1814853524.0
32,2021-03-11,291414418.0,24145.0,3.4654396135127024,23038.0,3166.0,11621.0,0.0923081662422239,1670156354.0
33,2021-03-12,263225883.0,22431.0,2.915021111193416,21323.0,2773.0,10894.0,0.0892713482172376,1599435155.0
34,2021-03-13,201990188.0,20667.0,2.386351827261705,18890.0,3182.0,11806.0,0.0764302115420324,1453630181.0
35,2021-03-14,159035580.0,29775.0,4.050171800738349,28288.0,4208.0,16800.0,0.0821960007386725,1517843916.0
36,2021-03-15,331079405.0,38764.0,5.0629472559593856,36577.0,5119.0,23728.0,0.0838378679324472,1489581848.0
37,2021-03-16,248182840.0,53014.0,6.813867313770274,51040.0,4395.0,41860.0,0.0714907067576591,1297699609.0
38,2021-03-17,194558113.0,29315.0,3.4118511052581963,27058.0,2898.0,20148.0,0.0710559416771499,1330710713.0
39,2021-03-18,153151241.0,16801.0,2.046122706469504,14454.0,2441.0,10013.0,0.0760418983815603,1401445463.0
40,2021-03-19,105242922.0,16050.0,2.052886447879707,13631.0,2042.0,8609.0,0.0718915583523437,1346250076.0
41,2021-03-20,140739393.0,14536.0,2.250625130638756,13088.0,1791.0,7498.0,0.0731576994804036,1376061452.0
42,2021-03-21,106688225.0,18566.0,3.008759206890684,16916.0,2905.0,10127.0,0.0751764557663888,1405238941.0
43,2021-03-22,498481190.0,25033.0,3.472397539789767,23277.0,2783.0,14743.0,0.0807233384518262,1424928586.0
44,2021-03-23,426020701.0,39540.0,5.18063433290489,37700.0,2696.0,29173.0,0.0853580604054038,1516500092.0
45,2021-03-24,560197998.0,42989.0,4.199489680288218,41348.0,3768.0,28704.0,0.0923788076627342,1572028118.0
46,2021-03-25,421680219.0,42528.0,5.11050039114651,39853.0,5479.0,23497.0,0.1017878017644385,1712970518.0
47,2021-03-26,750615803.0,44552.0,5.4997987818276535,41888.0,2519.0,30097.0,0.0980464856419416,1768806594.0
48,2021-03-27,977629825.0,49528.0,7.116490722899703,46560.0,2871.0,33520.0,0.1140831135540108,2079795699.0
49,2021-03-28,822817591.0,47317.0,7.870006919126061,44062.0,3171.0,31743.0,0.1396456947375783,2548316671.0
50,2021-03-29,383596245.0,40569.0,5.340359209549435,36903.0,2418.0,23226.0,0.1243257200758385,2359471396.0
51,2021-03-30,392630888.0,38131.0,4.741075436203559,34720.0,3298.0,25501.0,0.1258334991677387,2439638077.0
52,2021-03-31,400875060.0,38415.0,4.545508330177963,34796.0,3865.0,22699.0,0.1415062759820231,2794396170.0
53,2021-04-01,267972194.0,23015.0,2.663816311838386,20556.0,2232.0,12064.0,0.128317084782358,2567926455.0
54,2021-04-02,253708628.0,42078.0,5.329425577645746,40021.0,5951.0,26724.0,0.1288776570164324,2631133230.0
55,2021-04-03,183078300.0,24940.0,3.924629489168715,23865.0,2469.0,12239.0,0.129431962162652,2557895740.0
56,2021-04-04,166966675.0,87298.0,12.515716688147933,83676.0,7945.0,50266.0,0.114203633483821,2334845735.0
57,2021-04-05,211849330.0,67272.0,8.172359126056138,62995.0,8003.0,32269.0,0.1191888864656682,2495434002.0
58,2021-04-06,248198110.0,33318.0,4.104779176235204,28418.0,3645.0,15049.0,0.1211869079459736,2530963495.0
59,2021-04-07,319346571.0,34534.0,4.5063313603290425,30546.0,3401.0,13803.0,0.131179572767328,2599042371.0
60,2021-04-08,762407792.0,41767.0,5.499080348690699,36774.0,6191.0,20018.0,0.1272115601227224,2648513584.0
61,2021-04-09,769454690.0,62084.0,8.072554692325195,57251.0,7430.0,19706.0,0.1486058210605507,3109516454.0
62,2021-04-10,722225864.0,39043.0,5.219087237879321,34142.0,3524.0,19358.0,0.1717513073215557,3702237571.0
63,2021-04-11,906821756.0,36273.0,5.036251905620087,32132.0,3441.0,15668.0,0.1558475495653795,3400829431.0
64,2021-04-12,1154255599.0,38201.0,4.751551365786492,32116.0,3861.0,18288.0,0.1822539509555173,3977042704.0
65,2021-04-13,718750645.0,46395.0,4.49498619386717,40079.0,4664.0,21612.0,0.1677135351320428,3865605272.0
66,2021-04-14,597584233.0,77150.0,6.339083014461982,71173.0,8531.0,45513.0,0.1633363841479711,3795863198.0
67,2021-04-15,602558459.0,53776.0,5.236242400165142,47478.0,5470.0,28309.0,0.1478826975890687,3501779680.0
68,2021-04-16,466828704.0,37605.0,2.672768677041695,30232.0,2700.0,17986.0,0.1525747249024731,3565316656.0
69,2021-04-17,414773085.0,30141.0,3.304542883079635,24000.0,1977.0,14680.0,0.1522801998965419,3488695132.0
70,2021-04-18,766332037.0,48808.0,4.606618663752136,41957.0,2477.0,29966.0,0.1779799833673933,3846974375.0
71,2021-04-19,549303214.0,52025.0,4.48941481847749,44765.0,4259.0,31217.0,0.166420522715086,3537424833.0
72,2021-04-20,820172246.0,61858.0,4.571380430075424,52564.0,10289.0,29039.0,0.1511166287471713,3309094284.0
73,2021-04-21,1236545788.0,59774.0,5.085577817236037,50618.0,6406.0,31735.0,0.2001969752901909,4217613684.0
74,2021-04-22,814686898.0,66272.0,5.363383126773376,55469.0,4760.0,32734.0,0.2036799859969772,4131447720.0
75,2021-04-23,900225910.0,51953.0,4.30635969911101,42120.0,5610.0,20286.0,0.1933603115180361,3877656389.0
76,2021-04-24,909865073.0,56971.0,5.777968446375471,47811.0,5777.0,27912.0,0.210066269137276,4062391029.0
77,2021-04-25,900744800.0,50003.0,5.871680937909525,42297.0,4241.0,25627.0,0.2311431985859839,4474671707.0
78,2021-04-26,1077638813.0,64239.0,6.015738180210873,55535.0,4852.0,34095.0,0.2350188474507867,5010925277.0
79,2021-04-27,775778011.0,64120.0,5.691107422759104,55578.0,8167.0,31765.0,0.234119691483916,5165317709.0
80,2021-04-28,638619193.0,62292.0,5.643163150032296,51606.0,8696.0,29351.0,0.2595750947537309,5758289567.0
81,2021-04-29,1316737406.0,81252.0,7.760577047977811,70713.0,10487.0,41302.0,0.2670974567425316,5915023440.0
82,2021-04-30,956469971.0,120952.0,10.822496103250003,111992.0,12366.0,71879.0,0.285335298551327,6669850120.0
83,2021-05-01,593402493.0,107446.0,9.69925327864117,97669.0,6313.0,63929.0,0.2728878872915256,6523314011.0
84,2021-05-02,842212422.0,109865.0,11.030190584906816,103321.0,6895.0,70395.0,0.2640581993983038,6204227444.0
85,2021-05-03,659878149.0,79141.0,6.5687535794025615,69506.0,5974.0,45259.0,0.2723882805831811,6679517215.0
86,2021-05-04,667082526.0,58857.0,4.0479200223382845,49816.0,5487.0,32169.0,0.2772215527383772,6458932107.0
87,2021-05-05,534959981.0,66644.0,4.137926752412973,58955.0,8334.0,29765.0,0.2416962538955137,6171342690.0
88,2021-05-06,530114115.0,65391.0,4.997332860533826,58796.0,9272.0,31458.0,0.2487627916956905,6206546957.0
89,2021-05-07,500318070.0,83942.0,5.797263596552113,75621.0,7686.0,45882.0,0.2355409691871061,5940171322.0
90,2021-05-08,516603705.0,82190.0,5.840875754715909,74666.0,8122.0,43787.0,0.2270136823110722,5948655754.0
91,2021-05-09,522099391.0,63491.0,4.056051720393014,55975.0,7777.0,33441.0,0.23170550622375,6066309459.0
92,2021-05-10,528707596.0,57312.0,3.786752050067163,49954.0,4869.0,33284.0,0.2578525187237558,6537816990.0
93,2021-05-11,412656505.0,69227.0,4.758229144471404,61714.0,7443.0,39081.0,0.2258356730891542,5965751154.0
94,2021-05-12,548341873.0,84569.0,5.326040407093914,76269.0,10426.0,48776.0,0.2648740524658238,6221857527.0
95,2021-05-13,673514327.0,73954.0,3.3070113344533483,65243.0,7586.0,40561.0,0.2158120800808346,5136420452.0
96,2021-05-14,456803630.0,59742.0,3.771443289467205,52605.0,6115.0,31881.0,0.2047079005447928,5072569653.0
97,2021-05-15,372907902.0,57841.0,4.408421280477906,49825.0,5074.0,31907.0,0.2287393636319763,5305336465.0
98,2021-05-16,414024762.0,64180.0,4.033836965860716,56152.0,6743.0,34827.0,0.214446779672449,4935025155.0
99,2021-05-17,358610997.0,64222.0,3.851029407708295,56660.0,12386.0,27162.0,0.2294203389979805,4951523321.0
100,2021-05-18,278452202.0,63280.0,3.9855617859700416,55768.0,8004.0,31558.0,0.2109923933435227,4600277309.0
101,2021-05-19,492065275.0,73796.0,3.5560549936609163,66125.0,5591.0,47880.0,0.2701028132898109,4549008462.0
102,2021-05-20,638768855.0,92589.0,5.783349719355535,85502.0,13480.0,42745.0,0.130973212968029,2470190800.0
103,2021-05-21,393002587.0,64632.0,4.533660493138693,57989.0,9738.0,33345.0,0.215841947171007,3662403367.0
104,2021-05-22,256369715.0,53516.0,4.563587152098537,47014.0,4600.0,31092.0,0.1804143785575305,2956403531.0
105,2021-05-23,412982590.0,53030.0,4.693942221049893,46748.0,5561.0,23739.0,0.1826569610221992,2728297359.0
106,2021-05-24,534712918.0,42056.0,3.203222111189646,36004.0,4786.0,19773.0,0.1301619124769817,2280104399.0
107,2021-05-25,369290539.0,71453.0,5.6824318037404655,66002.0,8014.0,35941.0,0.1843952912188836,3224216072.0
108,2021-05-26,298648095.0,71635.0,5.720018908361521,65010.0,7661.0,37794.0,0.1645136436676622,3038866800.0
109,2021-05-27,284489947.0,74884.0,6.660956055871478,68424.0,7308.0,43545.0,0.180879882587954,3238752393.0
110,2021-05-28,224854299.0,61631.0,5.337514592838164,55844.0,7532.0,34522.0,0.1884388291031964,3113547271.0
111,2021-05-29,164830071.0,69113.0,6.703036651245793,62838.0,6150.0,41287.0,0.1831184909212708,2885743841.0
112,2021-05-30,189485458.0,72551.0,6.918461500317549,66608.0,5590.0,41173.0,0.1500315083431171,2465034303.0
113,2021-05-31,240839839.0,88429.0,7.966820605315839,82134.0,14383.0,48177.0,0.1583773384742297,2766937465.0
114,2021-06-01,195758545.0,76794.0,6.970430539406432,70217.0,10745.0,45704.0,0.1853402261792729,3206893328.0
115,2021-06-02,243901820.0,64126.0,5.430237461745473,57999.0,6134.0,35000.0,0.1713414837424011,3058379691.0
116,2021-06-03,229608882.0,71813.0,6.029213724640748,65575.0,6814.0,39802.0,0.180675454347382,3371146051.0
117,2021-06-04,250779242.0,74329.0,5.333692122777748,68757.0,7226.0,41974.0,0.2070881290494478,3638789629.0
118,2021-06-05,233672854.0,153795.0,10.23982475881033,148085.0,9116.0,82789.0,0.2084957875759738,3561236995.0
119,2021-06-06,175351020.0,89891.0,6.461195879371267,83564.0,8039.0,52547.0,0.1953308512125457,3381812694.0
120,2021-06-07,329795520.0,88935.0,6.268462307817551,83239.0,6881.0,54863.0,0.2121049528677941,3440744580.0
121,2021-06-08,393198026.0,67004.0,5.1868067898214605,60627.0,4038.0,44830.0,0.1975986252425824,3179269080.0
122,2021-06-09,296503095.0,95640.0,5.671830855613832,90203.0,7363.0,57774.0,0.170491853176281,2945837175.0
123,2021-06-10,269038619.0,90583.0,6.32975697836438,83800.0,11202.0,47696.0,0.1939620569564892,3242669295.0
124,2021-06-11,217587917.0,68283.0,5.4360252205203325,61884.0,6814.0,39270.0,0.1805518635596426,2981534658.0
125,2021-06-12,205188466.0,74507.0,6.631568641412702,68120.0,6006.0,42078.0,0.1763133576830473,2846225143.0
126,2021-06-13,188952126.0,67056.0,5.640831083792285,60350.0,4919.0,41135.0,0.1643278321204178,2842230969.0
127,2021-06-14,182574726.46,65070.0,5.1678047432299135,58887.0,4633.0,34393.0,0.1693660163417114,3028176810.0
128,2021-06-15,178327925.02,63771.0,5.388307800460834,56480.0,6239.0,33891.0,0.1783789063252012,3158222074.0
129,2021-06-16,177914978.98,69800.0,5.852012824124378,63226.0,7081.0,39332.0,0.180996062244473,3073302864.0
130,2021-06-17,150291207.18,84465.0,6.812940756090026,78156.0,6416.0,54628.0,0.1757312735799956,2972604991.0
131,2021-06-18,158510056.38,57248.0,5.555717299700903,51582.0,4445.0,36317.0,0.1835475257525015,2951235108.0
132,2021-06-19,134188991.49,78525.0,9.058848773464756,72244.0,5286.0,48181.0,0.1823100428423257,2880344254.0
133,2021-06-20,181002081.67,54477.0,6.001183117768688,48287.0,5966.0,34205.0,0.1787263984821017,2849911225.0
134,2021-06-21,260174347.95,46081.0,3.856063503167711,40340.0,4405.0,25471.0,0.2162161016546294,2950480115.0
135,2021-06-22,465734898.1,57886.0,4.574796652873099,51873.0,4703.0,32982.0,0.1689368209300239,2313339722.0
136,2021-06-23,250950618.68,58396.0,5.32985287138111,52372.0,5621.0,29656.0,0.1602722179518401,2311967379.0
137,2021-06-24,160786377.48,57535.0,5.376871648508569,51821.0,6220.0,29047.0,0.1680261887097138,2488914195.0
138,2021-06-25,165708542.06,44112.0,3.969680253198503,38354.0,4917.0,24734.0,0.189265549496183,2581711883.0
139,2021-06-26,149870473.35,50840.0,5.360211709384588,43857.0,8076.0,26517.0,0.1685833061630214,2329180946.0
140,2021-06-27,132299043.61,56515.0,6.280309731563015,50182.0,10279.0,32083.0,0.159624175336235,2346537097.0
141,2021-06-28,151970784.09,51738.0,4.93159459467188,46078.0,9657.0,27364.0,0.1634871973238617,2436583341.0
142,2021-06-29,160467781.16,53047.0,4.79937826215587,47410.0,7537.0,28032.0,0.1649748151081554,2562607278.0
143,2021-06-30,141942113.42,47634.0,4.824785749085617,42174.0,4521.0,26582.0,0.1683524608175071,2609926046.0
144,2021-07-01,127740393.16,65268.0,6.1756465609006295,59564.0,5557.0,32460.0,0.1759486555538518,2592999231.0
145,2021-07-02,100061541.44,40941.0,3.963690615073468,35475.0,6125.0,22338.0,0.164527217824146,2454120648.0
146,2021-07-03,126835482.48,64445.0,6.775111911034671,58201.0,8877.0,30070.0,0.1598838159958014,2449886215.0
147,2021-07-04,142070590.21,50086.0,5.741410695535349,43636.0,5774.0,24859.0,0.1646392749150907,2582749234.0
148,2021-07-05,170496603.31,79659.0,7.41998222758748,74223.0,6449.0,45875.0,0.1779322739063308,2683705633.0
149,2021-07-06,277906582.12,87573.0,8.288729814837426,81821.0,9320.0,47852.0,0.177121814715859,2746439230.0
150,2021-07-07,215124374.6,80885.0,6.927315642706899,75733.0,7257.0,51904.0,0.1933613247240512,2983134108.0
151,2021-07-08,159380495.14,65931.0,5.857981856791264,59744.0,6259.0,31980.0,0.1967054333246092,2894048397.0
152,2021-07-09,135711814.24,66094.0,6.081786753751772,61193.0,6152.0,28621.0,0.1800871232637578,2709792835.0
153,2021-07-10,148036729.25,69828.0,6.884021180086933,65263.0,7963.0,38980.0,0.1914488525848347,2852790504.0
154,2021-07-11,115586658.49,100383.0,11.165303393981729,98282.0,8542.0,71459.0,0.1941535847063216,2945243613.0
155,2021-07-12,157960491.35,69867.0,6.094549387858355,65881.0,7618.0,42101.0,0.2017577179328342,2960821528.0
156,2021-07-13,110649171.36,60759.0,5.052282337093226,55296.0,6074.0,35967.0,0.1993247375919764,2915399783.0
157,2021-07-14,178895235.05,63677.0,6.091691547666766,58535.0,7000.0,40296.0,0.1874676225332329,2755012186.0
158,2021-07-15,139706951.89,76620.0,7.629240043254266,72732.0,5886.0,45989.0,0.1907304078258723,2785848238.0
159,2021-07-16,126354061.0,65104.0,6.185694346660738,60817.0,5806.0,42280.0,0.1881175476189099,2675393899.0
160,2021-07-17,99796969.74,82132.0,8.347299364287275,78446.0,4198.0,49156.0,0.1775160650950352,2556275363.0
161,2021-07-18,79139284.63,62343.0,6.298150651302908,58870.0,4019.0,41612.0,0.1801137559460298,2579282311.0
162,2021-07-19,105362877.8,89364.0,8.441237035497705,85014.0,10706.0,53012.0,0.1842866100173794,2558157390.0
163,2021-07-20,153182752.18,65742.0,6.054170933496394,61065.0,8848.0,40611.0,0.1664808697927841,2405063460.0
164,2021-07-21,166696066.88,50516.0,4.086476429308148,47383.0,4119.0,33027.0,0.1544916386019917,2217157234.0
165,2021-07-22,119553878.8,68368.0,6.163065955839534,64143.0,9831.0,44363.0,0.1778868231204906,2573678922.0
166,2021-07-23,140606090.86,71603.0,6.861107677506954,67047.0,5864.0,43016.0,0.1736970772059849,2606734653.0
167,2021-07-24,157023658.47,71797.0,6.839828901866266,68029.0,7879.0,45236.0,0.1781270772166008,2723935782.0
168,2021-07-25,104754213.18,74782.0,6.758464121811776,70567.0,10670.0,43886.0,0.1796064375682428,2783988065.0
169,2021-07-26,221443730.92,78217.0,5.4909660946866445,73441.0,8854.0,44330.0,0.1804746161809229,2866474670.0
170,2021-07-27,144734878.77,75313.0,7.277251161936787,72048.0,8363.0,36484.0,0.1767202628691848,2934079401.0
171,2021-07-28,151926915.17,72539.0,5.688904992251564,69647.0,6820.0,34658.0,0.1757327502081032,2943444839.0
172,2021-07-29,100545109.62,85638.0,7.702935351038626,83061.0,9100.0,40424.0,0.1769736472109426,2989151704.0
173,2021-07-30,161786457.47,56432.0,5.251271361904275,54349.0,6524.0,26628.0,0.1734889949024393,3040792515.0
174,2021-07-31,181102774.66,51562.0,4.659291247721726,49323.0,6097.0,22006.0,0.1751869114872868,3079902472.0
175,2021-08-01,191805212.27,68589.0,6.572226071008673,66488.0,10031.0,38923.0,0.1920164198232696,3313884772.0
176,2021-08-02,148458472.01,63740.0,5.713706890601427,61530.0,9735.0,34760.0,0.1875917610486848,3222761034.0
177,2021-08-03,189229279.7,76401.0,6.519852434800195,74356.0,10857.0,42771.0,0.1923614722609048,3265427462.0
178,2021-08-04,201159821.63,64305.0,5.63447786996496,62300.0,9354.0,39717.0,0.1871783398729471,3318147815.0
179,2021-08-05,217685787.71,73988.0,5.958888277690573,71894.0,8725.0,45151.0,0.1976287325471147,3588250651.0
180,2021-08-06,189856464.83,82388.0,6.944673906813178,80219.0,10314.0,47969.0,0.1917606676727637,3560221637.0
181,2021-08-07,231851292.89,79531.0,7.103849053367966,77596.0,8266.0,36446.0,0.1911785511272888,3776048972.0
182,2021-08-08,165562454.89,77775.0,6.900930061702433,75932.0,8493.0,43619.0,0.1955770247015599,3754202822.0
183,2021-08-09,199079082.59,49724.0,4.054484892714012,47768.0,6398.0,30796.0,0.1760797524493842,3547238386.0
184,2021-08-10,193025382.86,56666.0,4.972616647989884,54712.0,6434.0,34674.0,0.1866021257073309,3775665108.0
185,2021-08-11,222524883.26,50925.0,4.001848276317309,47281.0,7650.0,25832.0,0.1918887304906999,3993849165.0
186,2021-08-12,201287647.76,51169.0,4.294571210115814,46833.0,5666.0,22849.0,0.2050106274384459,4177372319.0
187,2021-08-13,187319966.9,56699.0,4.891348888729771,52523.0,6619.0,31673.0,0.1887289357767368,4124640096.0
188,2021-08-14,186640891.5,76386.0,6.110792004595133,73754.0,9200.0,52101.0,0.199731230458558,4372571146.0
189,2021-08-15,159082299.94,50371.0,4.503707862958387,46799.0,8312.0,24316.0,0.1967254761532391,4351962765.0
190,2021-08-16,276181844.87,84250.0,5.488488506095317,82319.0,14276.0,43807.0,0.2061595227232865,4451533332.0
191,2021-08-17,355147644.58,89503.0,5.8090578024064925,86990.0,18744.0,44181.0,0.2137074855283974,4479587124.0
192,2021-08-18,286788194.06,80463.0,5.752061507447162,76790.0,8294.0,46840.0,0.2135790186239292,4525768050.0
193,2021-08-19,254099402.42,64161.0,5.081596527841029,60462.0,8557.0,26523.0,0.2046269609082706,4537481728.0
194,2021-08-20,316766109.14,67792.0,4.794494874306467,63283.0,5113.0,34333.0,0.205597057213817,4735029010.0
195,2021-08-21,220846272.42,69260.0,5.410510576899791,66236.0,4203.0,46028.0,0.2202105648715601,5036376747.0
196,2021-08-22,204238634.15,55339.0,4.421849155806279,52612.0,4059.0,30694.0,0.2174564312907604,5012089739.0
197,2021-08-23,363194220.68,71354.0,4.601207015625172,66543.0,9854.0,34432.0,0.2145998685824483,5034105943.0
198,2021-08-24,298225032.78,75208.0,5.8070070456519645,70031.0,13545.0,38403.0,0.2392675173733651,5365098185.0
199,2021-08-25,406118422.52,59617.0,4.727204679549648,54594.0,7857.0,32166.0,0.2239375467923834,5142657469.0
200,2021-08-26,358184624.59,66691.0,4.873672987219315,63459.0,14912.0,33578.0,0.2574224351090895,5668430722.0
201,2021-08-27,277903665.55,79372.0,6.200143106664459,76441.0,9460.0,47820.0,0.2300311465014726,5374647075.0
202,2021-08-28,188181486.89,56396.0,3.902669920044953,51117.0,7048.0,29308.0,0.2406138438939322,5614696985.0
203,2021-08-29,169436846.29,56411.0,4.171257359280791,51355.0,12176.0,22795.0,0.239969169688693,5559753857.0
204,2021-08-30,293856741.47,62681.0,4.507585754587877,57648.0,9306.0,29745.0,0.2339771544957161,5332788539.0
205,2021-08-31,302884178.22,66981.0,5.998425638274721,63965.0,8682.0,36829.0,0.2129981727479449,4972748206.0
206,2021-09-01,313890110.83,63800.0,4.426663780315362,61378.0,8355.0,37485.0,0.19243393274042,4740739390.0
207,2021-09-02,220704943.17,65362.0,4.54474342384763,61245.0,9526.0,38196.0,0.2139228596408068,5311869508.0
208,2021-09-03,225381576.63,56013.0,4.268967919292552,50822.0,5002.0,32784.0,0.1971844554808414,5012988012.0
209,2021-09-04,209133314.03,42868.0,3.605510034837228,37745.0,7522.0,23299.0,0.1982878669304657,5112798841.0
210,2021-09-05,198936103.39,58923.0,4.761581520961771,55698.0,8856.0,34489.0,0.1991880124830217,5282020817.0
211,2021-09-06,261081494.28,62320.0,4.176982893941364,59544.0,7334.0,29538.0,0.196946927576886,5319953990.0
212,2021-09-07,428300988.36,71970.0,4.1493464937820335,68610.0,10536.0,42472.0,0.2233350573387142,5413717258.0
213,2021-09-08,386712657.94,71655.0,4.820286169804847,66948.0,13301.0,44094.0,0.1841166870804167,4512536419.0
214,2021-09-09,210682854.33,64983.0,4.223267844725059,60957.0,14315.0,36328.0,0.1803233081664566,4449462213.0
215,2021-09-10,209621460.23,60419.0,3.9315423978510857,57323.0,14739.0,27452.0,0.1924062610548122,4601557207.0
216,2021-09-11,135063687.63,57295.0,4.463670111445678,55068.0,8775.0,28567.0,0.1774732410539733,4296639300.0
217,2021-09-12,125842748.85,43706.0,3.3836239598913678,40614.0,5278.0,19619.0,0.1786914874583504,4376302642.0
218,2021-09-13,210083886.29,58100.0,3.977643044533171,54139.0,6441.0,28126.0,0.1939705368755174,4566685586.0
219,2021-09-14,149454810.99,62560.0,4.869592833229678,57944.0,7951.0,37459.0,0.17933293232292,4376064017.0
220,2021-09-15,278223686.12,73494.0,5.0825234057208295,70286.0,5770.0,52806.0,0.1886684241847263,4740247703.0
221,2021-09-16,225965511.51,53314.0,3.899519746283264,50878.0,4962.0,31634.0,0.1984326978275631,4947286001.0
222,2021-09-17,168353153.2,52570.0,4.006050607156329,49631.0,5967.0,26931.0,0.2003649669349252,4918156629.0
223,2021-09-18,195235249.0,52551.0,3.5997336727270737,47668.0,8422.0,26749.0,0.1875240381158784,4748915663.0
224,2021-09-19,239984357.39,39566.0,3.0245258268790343,35087.0,5466.0,20510.0,0.2017992628060953,4974478121.0
225,2021-09-20,381542120.25,59421.0,4.303892269783303,55611.0,5134.0,26186.0,0.224462872684044,5012554228.0
226,2021-09-21,306672015.47,47651.0,3.7735445629234254,45774.0,7798.0,27055.0,0.1969368564304602,4129254318.0
227,2021-09-22,243349954.23,78376.0,5.828754674099613,75596.0,9264.0,44961.0,0.1754350676462321,4022464447.0
228,2021-09-23,173508098.97,62531.0,5.343735205191707,58442.0,7629.0,30388.0,0.1889606788933105,4482289110.0
229,2021-09-24,300608965.0,51448.0,4.385129019005522,47275.0,6072.0,27017.0,0.1972502165780743,4476411005.0
230,2021-09-25,129715284.34,58862.0,5.04005534796264,55028.0,10557.0,31792.0,0.1906528034609802,4295413873.0
231,2021-09-26,281060296.3,64548.0,7.243607080214072,62751.0,14234.0,31602.0,0.1828428774118461,4146739840.0
232,2021-09-27,191713056.51,61007.0,4.361930011211019,58208.0,8884.0,33405.0,0.1946633834027306,4292894414.0
233,2021-09-28,146726952.74,66885.0,5.150316711559164,62837.0,8976.0,38343.0,0.1964036891202728,4171591208.0
234,2021-09-29,182403268.55,51159.0,4.044525434917523,46951.0,9427.0,27955.0,0.1924033816384744,4161554453.0
235,2021-09-30,166775787.06,49687.0,3.9118385727894696,45167.0,7695.0,28719.0,0.1892506001242382,4237249610.0
236,2021-10-01,197369645.35,47732.0,3.565029371235235,45632.0,8338.0,25991.0,0.1761627783165118,4306102959.0
237,2021-10-02,157891264.31,65828.0,5.415989955884217,63028.0,13365.0,35998.0,0.1845854761754172,4481408179.0
238,2021-10-03,155253742.44,56083.0,4.577789277869516,51933.0,6799.0,30367.0,0.1844795230053695,4530610602.0
239,2021-10-04,173361234.96,54877.0,3.895220782649988,50723.0,5341.0,29838.0,0.1802544494228752,4440979198.0
240,2021-10-05,187995914.0,54652.0,3.597343921139102,51021.0,4223.0,30572.0,0.1756809423206499,4442999433.0
241,2021-10-06,231516711.31,54390.0,3.3279488968023787,52248.0,7208.0,29410.0,0.1747938851350157,4546761369.0
242,2021-10-07,354822080.33,62449.0,3.801590910612787,59337.0,8930.0,30920.0,0.173585946656105,4474386827.0
243,2021-10-08,271192764.01,54074.0,3.5056350519420567,49696.0,4982.0,27720.0,0.1729860437301807,4489393830.0
244,2021-10-09,132796739.79,47090.0,3.575452759074164,43688.0,3767.0,25076.0,0.1708662020536107,4513431588.0
245,2021-10-10,167313784.55,35511.0,2.9050609301168864,31351.0,4166.0,17365.0,0.1745089017103772,4499978621.0
246,2021-10-11,181355742.89,40094.0,2.747809305022322,37275.0,8745.0,18290.0,0.1645487437802164,4347727270.0
247,2021-10-12,337188802.93,49439.0,3.272692850504286,46427.0,10154.0,25808.0,0.1666575991925943,4323082915.0
248,2021-10-13,672805448.39,49811.0,3.133717265233863,46178.0,6681.0,26322.0,0.1710918521985877,4536038482.0
249,2021-10-14,323481721.13,45286.0,2.915731208805784,41516.0,5082.0,22378.0,0.1746137004421002,4695685323.0
250,2021-10-15,262720526.37,55480.0,3.335076614187902,50432.0,10286.0,29563.0,0.1656127388044795,4580538372.0
251,2021-10-16,181781403.25,65662.0,4.713816316084564,62949.0,5430.0,40307.0,0.1689248839781995,4598332099.0
252,2021-10-17,157354088.66,56565.0,4.298190223697378,54277.0,5353.0,25654.0,0.1673271374389537,4569982523.0
253,2021-10-18,197248756.3,59711.0,3.781302402869461,55704.0,12342.0,30845.0,0.1676118037863482,4550757564.0
254,2021-10-19,215554479.99,74394.0,4.1690483715863165,70559.0,5740.0,39426.0,0.16437843868554,4620427710.0
255,2021-10-20,230171127.08,86095.0,4.334916685212393,81603.0,9712.0,55510.0,0.1610400860509666,4677407836.0
256,2021-10-21,273493270.81,66186.0,4.040688942776137,62245.0,9756.0,33203.0,0.1705645451684325,4780204695.0
257,2021-10-22,222151167.4,56067.0,3.210147977017615,53447.0,5900.0,28730.0,0.1678227574228764,4677678203.0
258,2021-10-23,124254368.79,62533.0,3.694945559335214,57992.0,10246.0,30813.0,0.1634170624380584,4653950754.0
259,2021-10-24,153023715.71,69896.0,4.025701456707697,65181.0,11618.0,25001.0,0.1659190119240975,4670709017.0
260,2021-10-25,186049893.33,80268.0,3.5207255147330705,75096.0,15895.0,28253.0,0.1600854408814804,4628024819.0
261,2021-10-26,200130546.66,58936.0,2.5227486557126118,55102.0,7198.0,30253.0,0.1670808370951619,4711369100.0
262,2021-10-27,355464087.32,39729.0,1.7675668893865903,37877.0,6695.0,22814.0,0.1705476567446962,4590774685.0
263,2021-10-28,280533564.89,56940.0,2.403153220643145,54996.0,8835.0,33789.0,0.150896329289833,4257584392.0
264,2021-10-29,294455041.87,56503.0,2.344567572659063,54634.0,6273.0,40728.0,0.1495511995852209,4322409540.0
265,2021-10-30,204707703.52,53045.0,2.785318595920082,51071.0,8560.0,34814.0,0.1555898295266684,4436815559.0
266,2021-10-31,201963182.8,62609.0,3.3099957547212204,60480.0,9373.0,32892.0,0.1504655393027349,4296708320.0
267,2021-11-01,270542907.9,72665.0,3.270784889347409,70405.0,19225.0,32598.0,0.1480163290035195,4236986711.0
268,2021-11-02,230112187.48,57383.0,2.516830257928719,55265.0,11352.0,30967.0,0.1452208444217407,4319668745.0
269,2021-11-03,240749215.72,56793.0,2.5211348636022226,54656.0,17288.0,28641.0,0.1473137829984426,4392379851.0
270,2021-11-04,380001872.14,58957.0,2.6802997942392444,56963.0,11209.0,31611.0,0.1531451215826366,4496078976.0
271,2021-11-05,361212403.04,59496.0,2.781402154679732,57311.0,8738.0,35909.0,0.1530241008702671,4474078135.0
272,2021-11-06,211602347.6,67533.0,3.66095619732832,65349.0,7717.0,45656.0,0.1592525812124345,4690558121.0
273,2021-11-07,346107120.13,71725.0,3.573355546510417,69147.0,9527.0,46040.0,0.1534992779021086,4612547114.0
274,2021-11-08,282881503.12,67266.0,2.816876636331201,64772.0,12499.0,40364.0,0.1521753397617947,4763285986.0
275,2021-11-09,206634111.74,53762.0,2.3098762440472203,51199.0,9374.0,30161.0,0.15498468689184,4830087070.0
276,2021-11-10,331885763.22,69088.0,3.3877859645784927,67021.0,9613.0,43907.0,0.1609403507332706,4724240662.0
277,2021-11-11,222779121.68,59952.0,3.2074558153594293,57819.0,10526.0,32372.0,0.1484880390356039,4428350593.0
278,2021-11-12,187309091.25,70841.0,3.4795896264111077,68898.0,21226.0,37165.0,0.1545902300399231,4565408166.0
279,2021-11-13,150827950.16,66858.0,3.561023364122601,64793.0,24752.0,28903.0,0.1496749490778871,4440613128.0
280,2021-11-14,157367628.89,68755.0,3.572033453622012,66804.0,23941.0,32700.0,0.149886842449192,4479880794.0
281,2021-11-15,194348280.58,73395.0,3.4733642486965715,71220.0,20069.0,35200.0,0.153249938080717,4480319115.0
282,2021-11-16,426016707.5,69822.0,4.066665307655794,67675.0,18646.0,37844.0,0.1673201372738026,4583533614.0
283,2021-11-17,279456001.63,60706.0,3.272292512958507,58799.0,13186.0,30878.0,0.1464958779239019,4050748122.0
284,2021-11-18,378734060.61,65122.0,3.4388853537660498,63136.0,11694.0,42812.0,0.1558390063531098,4052773748.0
285,2021-11-19,198012448.19,66760.0,3.864501635003725,64863.0,15823.0,41827.0,0.1345825911890753,3662441713.0
286,2021-11-20,147952003.41,52584.0,4.066554016170631,50900.0,12157.0,39586.0,0.139411269803351,3889580184.0
287,2021-11-21,195515882.03,55507.0,4.009992652886072,53692.0,9746.0,39727.0,0.1401840170569576,3844445822.0
288,2021-11-22,217267293.35,62256.0,4.209000511116099,60488.0,14902.0,44072.0,0.1375268284865526,3646658997.0
289,2021-11-23,201684826.99,66718.0,4.584159851257693,65094.0,20613.0,41682.0,0.1333597285780995,3663847160.0
290,2021-11-24,233253678.6,58347.0,4.24779882089311,56688.0,13858.0,45917.0,0.1323808793689918,3576437148.0
291,2021-11-25,210146357.81,69290.0,4.186155539632845,67579.0,10050.0,42853.0,0.1230135418506396,3465872109.0
292,2021-11-26,429788903.19,53764.0,3.916848919668317,52046.0,8636.0,46217.0,0.1369590083260757,3535273480.0
293,2021-11-27,163049761.5,75118.0,6.065754464447934,73556.0,18069.0,66920.0,0.1211052250548186,3173201038.0
294,2021-11-28,183773642.49,77270.0,6.31096983279646,75744.0,9178.0,81837.0,0.1206408442338743,3264806840.0
295,2021-11-29,253485302.86,89611.0,5.258179543615529,87734.0,10181.0,53220.0,0.121343051674858,3340527213.0
296,2021-11-30,197871337.38,60968.0,4.421710243372475,59278.0,12513.0,41547.0,0.1302238935856469,3601005052.0
297,2021-12-01,6668597124.76,79635.0,4.931894216489316,77964.0,14887.0,48620.0,0.1262021203742701,3463016615.0
298,2021-12-02,3641268583.43,72981.0,4.814840960025756,71082.0,12699.0,53680.0,0.1207862939598545,3286361099.0
299,2021-12-03,162243512.96,53543.0,3.663028472054041,51865.0,12411.0,38689.0,0.125264508385588,3237864330.0
300,2021-12-04,316689975.34,50672.0,3.4998632434239423,48949.0,10952.0,33782.0,0.1269080741023172,3073132756.0
301,2021-12-05,208639142.71,31290.0,2.9426479882030754,29846.0,7112.0,30787.0,0.1174889768146729,2820920297.0
302,2021-12-06,340345669.66,34626.0,2.696962120557151,33279.0,9137.0,29311.0,0.1187259802970434,2918739546.0
303,2021-12-07,167327367.09,48539.0,2.8620975939959576,47059.0,12730.0,29345.0,0.1245115099158647,3054009915.0
304,2021-12-08,164037697.23,59508.0,3.79667124545338,57913.0,12276.0,46816.0,0.1201683533041954,2996552158.0
305,2021-12-09,139158747.22,66949.0,4.350863556960446,65447.0,11611.0,44671.0,0.1322809626360153,3103296638.0
306,2021-12-10,145702091.16,84938.0,5.63676205720778,83163.0,13566.0,66103.0,0.1255379170879191,2862962020.0
307,2021-12-11,118079559.16,67144.0,5.385142255850399,65550.0,16428.0,56126.0,0.1163739552403577,2768372119.0
308,2021-12-12,107050469.93,43150.0,3.830376886005676,41909.0,8726.0,45399.0,0.1168009573437283,2808701122.0
309,2021-12-13,169288168.13,52581.0,4.138632907566517,51099.0,11940.0,49585.0,0.1356688546282148,3025780965.0
310,2021-12-14,300404038.66,57072.0,4.328798127464113,55555.0,10391.0,50060.0,0.120028667333498,2765439945.0
311,2021-12-15,305087491.71,67602.0,5.695893769668578,65807.0,8996.0,76902.0,0.13372591013139,3154115717.0
312,2021-12-16,153436988.38,95460.0,7.544020616845784,93316.0,9376.0,77777.0,0.1419437596756322,3289267137.0
313,2021-12-17,185509074.49,83937.0,7.449352972969615,81236.0,9501.0,77368.0,0.1399624171688367,3179924469.0
314,2021-12-18,147858415.18,59733.0,5.015933796022219,57589.0,12816.0,47716.0,0.1349653009108902,3116435316.0
315,2021-12-19,128291787.96,63656.0,5.645038997202134,61648.0,17400.0,54097.0,0.1374632912223366,3167242094.0
316,2021-12-20,167541800.6,69081.0,4.618485709510279,67107.0,13615.0,48959.0,0.1373553883526101,3116547164.0
317,2021-12-21,164275858.47,55548.0,4.290679890624276,53659.0,11619.0,50045.0,0.1275370219007312,3036431800.0
318,2021-12-22,121377985.29,68053.0,5.301316506972034,66313.0,12157.0,67002.0,0.1272627641375809,3037520569.0
319,2021-12-23,157697773.55,56456.0,3.7072034240544025,54891.0,13954.0,32207.0,0.1196178503912153,2975478355.0
320,2021-12-24,152045260.14,50213.0,4.14833308273534,48583.0,15444.0,26887.0,0.1243382957201974,3085885128.0
321,2021-12-25,115776270.53,29762.0,2.674406588518617,28352.0,5840.0,18811.0,0.1267240146471191,3173016808.0
322,2021-12-26,155805893.49,29917.0,2.9852935600201964,28606.0,6108.0,22626.0,0.1243172750627716,3122987664.0
323,2021-12-27,187295840.92,48523.0,4.002530710017586,46839.0,11983.0,39445.0,0.129552203631263,3256391669.0
324,2021-12-28,154211245.17,46539.0,4.105535888041906,44840.0,9190.0,31267.0,0.1398407767849933,3292459505.0
325,2021-12-29,126681153.09,56002.0,5.022677475800079,54312.0,10387.0,44757.0,0.1357376155057458,3125508100.0
326,2021-12-30,110707166.48,47257.0,4.191772923827475,45851.0,12261.0,35668.0,0.1298403448815728,3024140149.0
327,2021-12-31,110032091.22,36876.0,3.2899033263031683,35695.0,7783.0,27493.0,0.1328716221745552,3046728624.0
328,2022-01-01,83002490.23,39245.0,3.8294492404039335,38162.0,9117.0,24869.0,0.1281311347340991,3022265824.0
329,2022-01-02,113299968.31,40305.0,3.563490337331374,39181.0,6703.0,24980.0,0.1296821846460376,3060475377.0
330,2022-01-03,95712961.44,40744.0,3.0702802090358654,39363.0,7581.0,29310.0,0.13441506818702,3131093119.0
331,2022-01-04,121201814.16,57204.0,3.501088199220022,55928.0,8099.0,44599.0,0.1334717963375828,3087644399.0
332,2022-01-05,149850738.95,33681.0,2.5481181329385176,32553.0,9745.0,26837.0,0.1410908564731484,3081623779.0
333,2022-01-06,140507726.05,28320.0,2.232871463240407,27035.0,7441.0,21189.0,0.1343121580420735,2903213410.0
334,2022-01-07,150696816.34,31274.0,2.503752747010812,28952.0,6602.0,27839.0,0.1362597894131476,2812736066.0
335,2022-01-08,130385891.88,50101.0,3.7169478309705344,47365.0,6046.0,41412.0,0.134103032196793,2730870705.0
336,2022-01-09,108520950.3,47687.0,3.871515092470813,45123.0,8380.0,44221.0,0.1287631524745666,2655615588.0
337,2022-01-10,148253532.04,96282.0,5.577743250711686,93370.0,7429.0,68777.0,0.1365476208486842,2773300731.0
338,2022-01-11,142474653.72,85126.0,5.205559870114781,83227.0,9184.0,71642.0,0.1264925658299187,2654492224.0
339,2022-01-12,116242873.41,57012.0,4.0550171341757455,55080.0,11921.0,59124.0,0.1296513122764541,2820768835.0
340,2022-01-13,118073375.2,58714.0,4.258408532773224,56019.0,14362.0,47946.0,0.137491333326302,2918571591.0
341,2022-01-14,103829983.23,58329.0,3.99677949842401,55869.0,10708.0,54911.0,0.1332432547932345,2876212291.0
342,2022-01-15,113607922.52,49974.0,4.873748136040517,47309.0,9803.0,58332.0,0.1354158345360006,2934349124.0
343,2022-01-16,125941094.19,44849.0,3.621764666455089,42838.0,7795.0,48890.0,0.1404171057906218,3054405337.0
344,2022-01-17,160067596.17,63830.0,4.168838276766972,61383.0,8531.0,53008.0,0.1466865551163281,3094038349.0
345,2022-01-18,145696176.81,57057.0,4.67114812640762,54938.0,6675.0,65093.0,0.1409008398092339,2954184335.0
346,2022-01-19,99821720.08,66261.0,4.837893584010222,63700.0,6500.0,70439.0,0.1353700255889539,2824408638.0
347,2022-01-20,136955947.31,69740.0,3.835773455061665,66445.0,7381.0,44376.0,0.1391157343942307,2774672036.0
348,2022-01-21,211064661.57,55109.0,3.001646550930604,53037.0,5700.0,37396.0,0.1520782338686848,2700133749.0
349,2022-01-22,369358597.73,41985.0,2.534473610023681,39991.0,5641.0,29674.0,0.140149000373197,2355041896.0
350,2022-01-23,162889251.1,54777.0,3.742232290715913,52597.0,5027.0,31490.0,0.1169006895088306,2046815371.0
351,2022-01-24,199930132.97,56221.0,3.4206136065232657,53854.0,6880.0,30943.0,0.1220380661210922,2109612540.0
352,2022-01-25,116391165.35,46704.0,2.763530673154984,44907.0,5148.0,26532.0,0.112101189191508,1954758588.0
353,2022-01-26,136555170.12,75204.0,3.9245196372099818,72696.0,7344.0,38869.0,0.1137602885604638,1980347564.0
354,2022-01-27,143303494.54,71137.0,4.214856544264378,69059.0,6909.0,49792.0,0.1128747670179542,1962096454.0
355,2022-01-28,124123474.94,61527.0,3.384168929581323,59627.0,4722.0,41661.0,0.1072449173449206,1898069776.0
356,2022-01-29,81077536.68,46748.0,2.961928560929002,44663.0,6401.0,27801.0,0.1054897687942865,1896897253.0
357,2022-01-30,118140863.12,33983.0,2.347428866681541,32216.0,7285.0,18024.0,0.1062355168725583,1891726710.0
358,2022-01-31,92813457.08,58902.0,3.598888476127166,57045.0,7142.0,32187.0,0.1055419177943948,1911004050.0
359,2022-02-01,91565130.87,68063.0,3.999605110759968,66353.0,3892.0,48450.0,0.1064199244482006,1961356618.0
360,2022-02-02,86487736.87,43492.0,2.60179215693547,41935.0,4208.0,27040.0,0.1141142012642053,2019203810.0
361,2022-02-03,85224688.54,35070.0,2.165390915731284,33497.0,3643.0,20726.0,0.107641737987752,1923175940.0
362,2022-02-04,107806525.02,33176.0,1.9800550161174904,31530.0,3872.0,23219.0,0.09777069730128,1909654197.0
363,2022-02-05,129288553.41,27949.0,1.84638455719868,26509.0,4300.0,20384.0,0.1056422365758496,2074212387.0
364,2022-02-06,104156978.39,46222.0,3.038901782368295,44588.0,7549.0,33149.0,0.1053259690223199,2111682651.0
365,2022-02-07,125668644.91,65804.0,3.676346938900928,63986.0,11932.0,48509.0,0.1034456525795001,2152736410.0
366,2022-02-08,132929020.45,47986.0,2.278291940992115,44622.0,8018.0,28345.0,0.1091921475758778,2262825403.0
367,2022-02-09,97292074.85,39259.0,2.0825718879583857,33061.0,5358.0,22462.0,0.1021861642885818,2152585715.0
368,2022-02-10,115672297.69,40205.0,2.298824943379893,37009.0,4388.0,27187.0,0.1064318751585932,2174424639.0
369,2022-02-11,111858912.15,70796.0,4.209287115761936,63816.0,6192.0,46711.0,0.1090641247246731,2146593717.0
370,2022-02-12,87003349.18,61030.0,4.183928313122096,57001.0,4387.0,44186.0,0.1054140954487756,2075293168.0
371,2022-02-13,95171626.02,65599.0,4.340355199970358,60079.0,7842.0,41613.0,0.1082749876641491,2110148221.0
372,2022-02-14,93128629.7,65213.0,3.2653422968806174,60125.0,12470.0,38557.0,0.1084759949134076,2135706452.0
373,2022-02-15,96027245.94,72110.0,4.178485233913469,67151.0,10767.0,51977.0,0.1034932113012489,2149718906.0
374,2022-02-16,70958720.09,72644.0,3.988038738500846,67793.0,8744.0,53357.0,0.1084061967318631,2223510071.0
375,2022-02-17,70197836.04,70564.0,3.8399230317564745,66192.0,9598.0,48634.0,0.1157783052636941,2222631620.0
376,2022-02-18,91827856.07,57670.0,3.2115359127344334,54727.0,6454.0,38045.0,0.1114278495322778,2099069330.0
377,2022-02-19,96253508.61,61365.0,3.976413031152295,58460.0,3563.0,48673.0,0.1116462075435956,2102231244.0
378,2022-02-20,85308444.19,70633.0,4.27323332024536,64575.0,6071.0,46964.0,0.1152511895869948,2079614629.0
379,2022-02-21,129266801.5,46696.0,2.945096058089585,42500.0,8154.0,28994.0,0.1159548376403061,2013336140.0
380,2022-02-22,103376817.6,68855.0,4.067427558084378,63267.0,5181.0,33683.0,0.104995956901594,1873556622.0
381,2022-02-23,79214690.66,42559.0,2.760891212751257,38103.0,3990.0,23815.0,0.1106870689902088,1939228685.0
382,2022-02-24,183046616.24,32556.0,2.3099617276890307,29758.0,5164.0,21213.0,0.1032625145055523,1837392761.0
383,2022-02-25,81143492.08,52854.0,3.862238496552017,48585.0,5752.0,32257.0,0.0929280620586051,1706130557.0
384,2022-02-26,67945786.04,47263.0,3.472570200097279,42163.0,4411.0,25060.0,0.0993900729842108,1831838545.0
385,2022-02-27,74432018.9,50132.0,3.7672725523850175,46941.0,5976.0,29942.0,0.0981988911743972,1752112334.0
386,2022-02-28,102180680.53,61086.0,3.799948741810509,57119.0,10720.0,33336.0,0.0849013270846031,1684735259.0
387,2022-03-01,123788460.7,103773.0,5.484851159597313,99689.0,20980.0,56780.0,0.09263902940608,1858175108.0
388,2022-03-02,98588076.62,67451.0,4.781100437770772,63935.0,8095.0,49877.0,0.0914387847223038,1815938031.0
389,2022-03-03,76035122.35,66425.0,4.321328594672064,61029.0,7679.0,39801.0,0.0967891955831979,1875260864.0
390,2022-03-04,79663692.76,42039.0,3.1992834165263204,38111.0,4450.0,27519.0,0.0971560438698517,1757572592.0
391,2022-03-05,55711837.47,48871.0,4.122413000476595,46338.0,4041.0,39413.0,0.08943321907621,1618344637.0
392,2022-03-06,69485029.86,57125.0,4.667509882456373,54352.0,4125.0,44997.0,0.0962836614867907,1703073644.0
393,2022-03-07,77872746.38,63043.0,4.5035957757938965,59186.0,12241.0,41457.0,0.0942268658287194,1663067145.0
394,2022-03-08,66728799.73,50500.0,3.86377773408181,48566.0,10152.0,28013.0,0.0932175642797684,1658128770.0
395,2022-03-09,100388253.54,62687.0,3.8848651573076953,57716.0,8180.0,33034.0,0.0874559635655527,1652523466.0
396,2022-03-10,91962217.56,60778.0,4.0683026092078665,57490.0,9555.0,39404.0,0.0943417091161832,1710267169.0
397,2022-03-11,82240902.7,54699.0,3.2794148505650647,50876.0,8712.0,32786.0,0.0931360559964378,1661089586.0
398,2022-03-12,51201493.38,46529.0,3.145438947901407,42321.0,10961.0,23834.0,0.0919268977157604,1645223612.0
399,2022-03-13,74733549.01,56446.0,4.157052724296069,52565.0,5292.0,40405.0,0.0939777667025308,1645208794.0
400,2022-03-14,76476057.91,73924.0,4.52090038840212,70814.0,10111.0,51525.0,0.0885312294735942,1596904395.0
401,2022-03-15,97887536.54,99812.0,5.962000697673307,94957.0,9145.0,53336.0,0.0878079547981199,1579049489.0
402,2022-03-16,117182960.95,89099.0,5.830254584097295,85436.0,9223.0,47970.0,0.0805036880320744,1512154445.0
403,2022-03-17,482845797.61,102534.0,6.093348863744414,98841.0,13713.0,49013.0,0.0817388701620933,1541538694.0
404,2022-03-18,219888811.03,88067.0,4.926326341220833,84770.0,12919.0,47191.0,0.0935711112139369,1808967408.0
405,2022-03-19,131090950.99,106848.0,5.928582684330493,102451.0,20140.0,59950.0,0.0909392066055114,1780666561.0
406,2022-03-20,94462275.17,92816.0,5.981769061024149,89773.0,15339.0,47024.0,0.0922630651914075,1769827556.0
407,2022-03-21,158448896.78,58435.0,3.381322439343352,53887.0,9980.0,28893.0,0.0911336299035665,1745232599.0
408,2022-03-22,138227702.98,67705.0,2.906612333772942,63335.0,10706.0,38701.0,0.0930027176533239,1834575672.0
409,2022-03-23,113248889.22,56037.0,3.0927561939842563,51551.0,8840.0,33449.0,0.0961321989298307,1929329911.0
410,2022-03-24,118450550.85,61908.0,3.280173832046071,59195.0,15849.0,38286.0,0.0946181754369035,1945890346.0
411,2022-03-25,152278863.65,77915.0,3.949742986627194,73957.0,24140.0,46075.0,0.0964264374860298,1979712061.0
412,2022-03-26,113535908.61,108376.0,6.321976533506312,104269.0,37420.0,56783.0,0.0989256350469372,2057194194.0
413,2022-03-27,173881019.08,83507.0,4.742975021668183,79934.0,16701.0,49688.0,0.1042294708890917,2261913915.0
414,2022-03-28,197310294.76,68836.0,4.056573752136249,66413.0,16856.0,43104.0,0.1031101864125186,2245368335.0
415,2022-03-29,236372644.08,84750.0,3.92332412721662,82652.0,18600.0,40299.0,0.1101927000363305,2430787628.0
416,2022-03-30,198852913.29,94640.0,4.868034798424575,92137.0,17098.0,37914.0,0.111333301329007,2463839169.0
417,2022-03-31,331068074.5,87081.0,5.140679319865475,84942.0,11454.0,45729.0,0.1152036829721532,2484442649.0
418,2022-04-01,324791548.39,85653.0,5.08740043833859,83717.0,12561.0,42686.0,0.1185347768894203,2623595311.0
419,2022-04-02,202003896.66,85927.0,5.691313770373667,84496.0,18186.0,49569.0,0.1153096767705295,2543505679.0
420,2022-04-03,231428565.18,84428.0,5.165273708482739,82106.0,9280.0,50271.0,0.1229470399366912,2756282143.0
421,2022-04-04,371745135.1,88350.0,5.032375805407967,85830.0,9885.0,48028.0,0.125517909715245,2803035634.0
422,2022-04-05,218934250.45,88070.0,4.41185163514533,85997.0,16492.0,46140.0,0.1235067031364667,2697707043.0
423,2022-04-06,289839304.77,73781.0,4.326661443623978,71521.0,15126.0,37234.0,0.1169973759881732,2398485305.0
424,2022-04-07,209959350.63,61101.0,3.3428986450813416,59179.0,11345.0,35947.0,0.1228956088925893,2559414890.0
425,2022-04-08,189407124.09,54048.0,2.625675146542871,52220.0,7545.0,36286.0,0.1181011415527875,2391247300.0
426,2022-04-09,131757707.04,49743.0,2.514132931689356,48000.0,8240.0,30218.0,0.1194702500584224,2459337144.0
427,2022-04-10,154395642.2,51700.0,2.874488277147373,50155.0,5250.0,30441.0,0.122427423170066,2478552005.0
428,2022-04-11,184778796.75,47658.0,2.5013856347466805,46137.0,5990.0,30861.0,0.1147876986658942,2171030123.0
429,2022-04-12,159464495.03,75959.0,3.612072736956232,73803.0,8293.0,54978.0,0.118906094199152,2293521848.0
430,2022-04-13,142131293.31,67396.0,3.167821297953156,65026.0,5794.0,46004.0,0.1196222139040906,2361189399.0
431,2022-04-14,133181975.52,66707.0,3.167809316940968,64243.0,21774.0,35797.0,0.1179809032647004,2274009921.0
432,2022-04-15,117356299.86,68841.0,3.21471650058629,66459.0,24309.0,30464.0,0.1193891234982214,2332146783.0
433,2022-04-16,112658524.02,86826.0,4.500773662807424,84557.0,23980.0,38800.0,0.1208130643615084,2359891070.0
434,2022-04-17,127609639.89,74701.0,3.6474937365997904,72083.0,31803.0,27411.0,0.1262846439737152,2419016496.0
435,2022-04-18,167426660.75,80627.0,3.593815536754516,77272.0,29680.0,25311.0,0.1238180870538024,2426973032.0
436,2022-04-19,201458873.85,62196.0,2.788611867965532,59124.0,6872.0,36978.0,0.1241921984115362,2475789160.0
437,2022-04-20,251967065.07,61607.0,2.615728592948865,58738.0,5238.0,43148.0,0.1339967170854007,2654858608.0
438,2022-04-21,305113665.61,77398.0,2.861870506257268,74204.0,19582.0,39997.0,0.13507013487809,2623628475.0
439,2022-04-22,203119519.4,52090.0,2.1399210090206155,49282.0,4731.0,28841.0,0.1407019386051551,2705312866.0
440,2022-04-23,189663462.07,49713.0,2.433092763221649,47353.0,5897.0,33188.0,0.1423988633230808,2714829680.0
441,2022-04-24,197264085.56,42366.0,2.146119068424452,40177.0,3980.0,28952.0,0.1425582138250569,2705306065.0
442,2022-04-25,359854969.06,63620.0,2.7251679670683884,61468.0,11589.0,40796.0,0.132649937594343,2575467026.0
443,2022-04-26,360259378.56,62377.0,2.662305817960033,59693.0,7315.0,40843.0,0.1190479036008374,2179867065.0
444,2022-04-27,222597906.15,64818.0,2.7468536494615035,61847.0,15763.0,34652.0,0.1179191023047434,2207304202.0
445,2022-04-28,430505281.99,64461.0,2.750233911317212,61632.0,6126.0,38636.0,0.1275753157302912,2408897643.0
446,2022-04-29,275200809.77,67089.0,2.822064676679698,64036.0,8424.0,40674.0,0.1229828906742696,2249492819.0
447,2022-04-30,204843237.18,46347.0,2.348468380272805,43289.0,9062.0,25914.0,0.1197439402706335,2116741890.0
448,2022-05-01,205129214.3,41254.0,2.130652913365981,38866.0,8118.0,21792.0,0.1244256094164071,2254361838.0
449,2022-05-02,172847856.37,41945.0,2.134384013059204,38872.0,9696.0,21324.0,0.1256490791893687,2278467126.0
450,2022-05-03,128608391.24,63433.0,2.9636990896739386,59801.0,7284.0,39152.0,0.1213900244348425,2158953306.0
451,2022-05-04,150946356.75,47141.0,2.200538873183684,43685.0,8348.0,24999.0,0.1206033128935916,2264181132.0
452,2022-05-05,215513776.6,54714.0,2.506933540190249,50539.0,4839.0,24477.0,0.1268084610374653,2224352224.0
453,2022-05-06,150566665.58,43851.0,1.9794967633596057,39704.0,3773.0,25192.0,0.1279945682892571,2216448582.0
454,2022-05-07,124130046.45,36784.0,1.914833032535608,33946.0,4565.0,23887.0,0.1277503347110003,2168812583.0
455,2022-05-08,160934932.19,33598.0,1.7993739305539564,30877.0,4165.0,21526.0,0.1274703350942396,2091768118.0
456,2022-05-09,226398094.86,46016.0,1.998302901656017,42765.0,16219.0,21085.0,0.1178380715124933,1691777853.0
457,2022-05-10,225865301.33,35138.0,1.4033773235024765,32039.0,6468.0,21011.0,0.1160868353863163,1723251323.0
458,2022-05-11,263153857.69,46479.0,1.771299978468029,43877.0,11465.0,27512.0,0.0948750416850432,1261042228.0
459,2022-05-12,258436536.14,28521.0,1.06881791833648,26095.0,6663.0,15376.0,0.0889341802831506,1149215185.0
460,2022-05-13,159727118.67,28495.0,1.075459150668449,26208.0,3402.0,18422.0,0.0976745927574203,1286594702.0
461,2022-05-14,110047408.4,27598.0,1.1988971084937154,25821.0,4077.0,13567.0,0.0948873454050421,1283702098.0
462,2022-05-15,113214356.72,29566.0,1.3670653131336017,27455.0,3499.0,12787.0,0.0990543752064026,1390840940.0
463,2022-05-16,107274881.34,20820.0,0.9163667861493934,18245.0,2809.0,9214.0,0.100280310633355,1333901914.0
464,2022-05-17,109570954.65,27753.0,1.3296754840573572,24815.0,3498.0,11305.0,0.1026216640060466,1399988403.0
465,2022-05-18,101388841.45,29633.0,1.4371598427480483,25955.0,2242.0,15358.0,0.0998757465810663,1279666787.0
466,2022-05-19,96228020.96,28838.0,1.4360659819483348,26028.0,3516.0,17592.0,0.1014327701560555,1354653924.0
467,2022-05-20,90208389.96,33310.0,1.67853043174161,30752.0,3956.0,22054.0,0.1024882864820057,1332577520.0
468,2022-05-21,73765480.74,26344.0,1.5323388409273604,23959.0,2704.0,17355.0,0.1048155270874501,1382076043.0
469,2022-05-22,108856043.14,18669.0,1.0868432527403948,15963.0,2843.0,10953.0,0.108665913151285,1464323972.0
470,2022-05-23,151745543.16,29394.0,1.4927798695633183,26982.0,3913.0,15759.0,0.0684387349711491,889886722.0
471,2022-05-24,147181915.52,28343.0,1.4341097822853062,26440.0,4415.0,14254.0,0.0691490743909444,911584253.0
472,2022-05-25,103267390.45,31558.0,1.628859689826053,29610.0,8337.0,14748.0,0.0682046696082536,894154199.0
473,2022-05-26,121353157.22,33820.0,1.7883298522063291,30276.0,7388.0,12945.0,0.0650211723583146,817840913.0
474,2022-05-27,109557504.68,28977.0,1.5345841471319688,26671.0,4153.0,15141.0,0.0650900591125016,808534554.0
